average,max,min,stat
297.47229166666665,301.36,295.11,temp
3.8037499999999995,6.17,0.84,wind_speed
